Model,Accuracy,Precision,Recall,F1 Score,ROC-AUC
Logistic Regression,0.724,0.5017584994138335,0.7711711711711712,0.6079545454545454,0.8282577387075657
Decision Tree,0.7225,0.5,0.4810810810810811,0.4903581267217631,0.6481529972879454
Random Forest,0.747,0.5403624382207578,0.590990990990991,0.5645438898450946,0.7890127497739955
